{"reviewerID": "A1YS9MDZP93857", "asin": "0006428320", "reviewerName": "John Taylor", "helpful": [0, 0], "reviewText": "The portfolio is fine except for the fact that the last movement of sonata #6 is missing. What should one expect?", "overall": 3.0, "summary": "Parts missing", "unixReviewTime": 1394496000, "reviewTime": "03 11, 2014"}
{"reviewerID": "A3TS466QBAWB9D", "asin": "0014072149", "reviewerName": "Silver Pencil", "helpful": [0, 0], "reviewText": "If you are a serious violin student on a budget, this edition has it all: Piano accompaniment, low price, urtext solo parts, and annotations by Maestro David Oistrakh where Bach's penmanship is hard to decipher.  Additions (in dashes) are easily distinguishable from the original bowings.  This is a delightful concerto that all intermediate level violinists should perform with a violin buddy.  Get your copy, today, along with \"The Green Violin; Theory, Ear Training, and Musicianship for Violinists\" book to prepare for this concerto and for more advanced playing!", "overall": 5.0, "summary": "Perform it with a friend, today!", "unixReviewTime": 1370476800, "reviewTime": "06 6, 2013"}
{"reviewerID": "A3BUDYITWUSIS7", "asin": "0041291905", "reviewerName": "joyce gabriel cornett", "helpful": [0, 0], "reviewText": "This is and excellent edition and perfectly true to the orchestral version!  It makes playing Vivaldi a joy!  I uses this for a wedding and was totally satisfied with the accuracy!", "overall": 5.0, "summary": "Vivalldi's Four Seasons", "unixReviewTime": 1381708800, "reviewTime": "10 14, 2013"}