{"asin": 6428320, "title": "Six Sonatas For Two Flutes Or Violins, Volume 2 (#4-6)", "price": 17.95, "imUrl": "http://ecx.images-amazon.com/images/I/41EpRmh8MEL._SY300_.jpg", "reviewerID": "A1YS9MDZP93857", "reviewerName": "John Taylor", "reviewText": "The portfolio is fine except for the fact that the last movement of sonata #6 is missing. What should one expect?", "overall": 3.0, "summary": "Parts missing", "reviewTime": "2014-03-11"}
{"asin": 14072149, "title": "Double Concerto in D Minor By Johann Sebastian Bach. Edited By David Oistrach. For Violin I, Violin Ii and Piano Accompaniment. Urtext. Baroque. Medium. Set of Performance Parts. Solo Parts, Piano Reduction and Introductory Text. BWV 1043.", "price": 18.77, "imUrl": "http://ecx.images-amazon.com/images/I/41m6ygCqc8L._SY300_.jpg", "reviewerID": "A3TS466QBAWB9D", "reviewerName": "Silver Pencil", "reviewText": "If you are a serious violin student on a budget, this edition has it all: Piano accompaniment, low price, urtext solo parts, and annotations by Maestro David Oistrakh where Bach's penmanship is hard to decipher.  Additions (in dashes) are easily distinguishable from the original bowings.  This is a delightful concerto that all intermediate level violinists should perform with a violin buddy.  Get your copy, today, along with \"The Green Violin; Theory, Ear Training, and Musicianship for Violinists\" book to prepare for this concerto and for more advanced playing!", "overall": 5.0, "summary": "Perform it with a friend, today!", "reviewTime": "2013-06-06"}
{"asin": 41291905, "title": "Hal Leonard Vivaldi Four Seasons for Piano (Original Italian Text)", "imUrl": "http://ecx.images-amazon.com/images/I/41maAqSO9hL._SY300_.jpg", "reviewerID": "A3BUDYITWUSIS7", "reviewerName": "joyce gabriel cornett", "reviewText": "This is and excellent edition and perfectly true to the orchestral version!  It makes playing Vivaldi a joy!  I uses this for a wedding and was totally satisfied with the accuracy!", "overall": 5.0, "summary": "Vivalldi's Four Seasons", "reviewTime": "2013-10-14"}